order_id,user_id,product_name,quantity,price,order_date
1,8,Sunflower Seeds,12,98,2024-10-03
2,21,Sliced Olives,14,50,2024-09-15
3,15,Steak Seasoning Rub,9,84,2024-11-24
4,15,Travel Mug,2,96,2025-07-29
5,17,Silicone Baking Mat Set,13,92,2024-11-11
6,4,Pork Chops,8,25,2024-11-15
7,22,Tofu,8,57,2025-07-19
8,12,Vegan Chocolate Cake Mix,8,89,2024-10-01
9,10,Pet Water Fountain,15,58,2025-03-29
10,12,Lentil Soup,10,55,2024-10-11
11,20,Pesto Pasta Salad,13,26,2025-04-05
12,4,Organic Lentil Soup,1,55,2025-07-06
13,22,Honey Sriracha Chicken Bites,10,51,2025-05-22
14,24,Cheddar & Bacon Potato Skins,1,58,2025-05-02
15,18,Apple Cinnamon Granola,14,22,2024-11-09
16,6,Sweet Potatoes (organic),3,97,2024-10-08
17,10,Aeropress Coffee Maker,4,92,2024-12-20
18,6,Insulated Coffee Mug,6,20,2025-07-20
19,6,Kitchen Scale,4,23,2024-12-17
20,24,Portable Air Compressor,15,98,2024-08-27
21,12,Chic Ankle Strap Heels,14,100,2024-11-09
22,19,Honey Sesame Chicken Mix,13,57,2024-08-05
23,4,Car Phone Mount,15,97,2024-08-03
24,3,Roasted Red Pepper Dip,7,28,2024-10-11
25,11,Pretzel Bites,4,82,2024-08-02
26,6,Almond Butter Cups,14,62,2025-02-09
27,4,Portable Water Filter,2,87,2024-08-11
28,15,Basil Pesto Pasta,7,88,2024-11-27
29,21,Snack Container Set,6,93,2025-04-27
30,5,Vegetable Stock,6,79,2025-05-15
31,20,Beef Stew Meat,12,35,2025-02-15
32,6,Laptop Backpack,7,53,2024-11-30
33,17,Multi-Purpose Plant Care Tool,9,26,2025-02-04
34,12,Chocolate Avocado Pudding,6,53,2025-02-03
35,9,Pet Bed,13,38,2025-07-10
36,18,Casual Long Cardigan,10,69,2024-09-13
37,2,Weighted Blanket,6,26,2024-11-15
38,10,Personal Blender,3,81,2025-01-10
39,11,Whole Grain Mustard,14,74,2024-09-05
40,13,Instant Pot,14,37,2024-10-25
41,6,Herbed Mushroom Risotto,9,94,2025-01-22
42,8,Stylish Combat Boots,5,74,2025-06-06
43,15,Herb-Infused Olive Oil,5,41,2025-02-26
44,24,Glass Tea Pot,15,95,2024-08-12
45,22,Kettle BBQ Grill,8,44,2025-04-06
46,18,Teriyaki Beef Strips,7,78,2025-05-11
47,18,Turkey Bacon,1,23,2025-05-28
48,22,Stylish Wide-Leg Trousers,1,34,2024-12-19
49,11,Travel Jewelry Case,6,37,2025-01-02
50,6,Chili Lime Corn Chips,13,57,2025-04-15
51,22,Smartphone Projector,7,71,2024-09-05
52,2,Cajun Seasoning,3,94,2025-03-24
53,22,Caramelized Onion Dip,3,71,2025-05-31
54,19,Mini Projector for Smartphones,7,30,2024-09-08
55,4,Coconut Lime Rice,1,55,2025-05-01
56,16,Portable Solar Phone Charger,10,41,2024-11-29
57,9,Sweet Potato Noodles,5,55,2025-02-16
58,23,Smart Wi-Fi Light Bulbs,9,37,2025-05-31
59,15,Pet Tracking Collar,15,56,2025-03-29
60,7,Honey Mustard Pretzel Bites,4,94,2024-11-15
61,5,Indian Curry Sauce,8,57,2024-08-03
62,21,Watercolor Paint Set,1,34,2025-06-28
63,13,Fitness Resistance Bands Kit,10,85,2024-11-05
64,22,Handcrafted Wooden Jewelry Box,10,84,2024-09-10
65,14,Solar String Lights,14,44,2025-07-08
66,23,Athletic Compression Tights,12,60,2025-06-09
67,12,Athletic Compression Tights,2,28,2025-07-26
68,2,Ginger Turmeric Tea,13,63,2024-11-23
69,11,Fitness Tracker Watch,15,41,2025-05-30
70,14,Mesh Laundry Bags Set,5,43,2024-10-09
71,8,Vegetable Fried Rice,2,80,2025-01-26
72,24,Cilantro Lime Rice,10,84,2025-01-06
73,19,Two-Tier Fruit Basket,10,37,2025-02-23
74,21,Sweet Potato & Kale Hash,9,58,2024-08-30
75,7,Electric Heat Pad,9,96,2025-01-05
76,19,Travel Jewelry Organizer,10,87,2025-05-09
77,22,Pet Grooming Kit,11,42,2025-04-06
78,10,Wireless Gaming Mouse,11,31,2025-07-26
79,14,Automatic Pet Feeder,9,97,2025-05-18
80,12,Nutty Granola Clusters,9,49,2025-02-02
81,15,Stick Vacuums Cleaner,15,25,2025-04-22
82,5,Mixed Nuts,14,30,2025-06-27
83,18,Gardening Tool Belt,5,77,2024-09-13
84,6,Jennifer's Amazing Lip Balm Kit,14,40,2024-09-17
85,11,Compact Electric Kettle,3,32,2024-11-23
86,7,Tuscan Bean Soup,12,79,2024-11-09
87,10,Sourdough Bread,9,36,2025-02-03
88,15,Pita Bread,5,80,2025-06-08
89,22,Portable Folding Picnic Table,13,65,2025-05-23
90,25,Gaming Headset,9,77,2024-08-06
91,3,Applewood Smoked Bacon,3,84,2025-01-27
92,14,Electric Nail File Kit,6,89,2024-09-20
93,2,Tea Infuser,9,75,2024-12-26
94,18,Chickpea Flour,2,94,2024-11-16
95,3,Almond Butter Crunch Bar,15,65,2025-01-18
96,13,Sushi Rice,1,73,2025-07-24
97,9,Lentil Vegetable Stew,7,65,2025-03-22
98,9,Jalape√±o Cornbread,3,75,2025-07-23
99,2,Creamy Avocado Dip,1,34,2024-08-13
100,16,Organic Black Rice,4,82,2025-01-14
101,11,Terry Cloth Robe,13,49,2025-02-12
102,16,Coconut Cream Pie,13,69,2024-08-17
103,16,Mechanical Keyboard,1,94,2024-11-19
104,24,Smart Home Security Camera,3,75,2024-08-01
105,10,Organic Italian Seasoning,11,86,2025-04-05
106,1,Lasagna Noodles,6,24,2025-07-13
107,22,Honey-Balsamic Vinaigrette,9,24,2024-08-08
108,18,High-Pressure Handheld Shower Head,11,72,2025-07-21
109,15,Smartphone Camera Lens Kit,11,34,2024-08-02
110,6,Whole Wheat Pita Bread,2,41,2025-03-28
111,4,Folding Table,2,65,2025-04-06
112,12,Gardening Tool Belt,1,64,2025-07-29
113,11,Self-Stirring Mug,1,73,2025-03-29
114,14,Reusable Silicone Food Storage Bags,7,61,2025-07-15
115,25,Stylish Combat Boots,2,61,2024-12-05
116,15,Magnetic Phone Car Mount,8,38,2025-07-15
117,13,Multi-Cooker,1,88,2024-12-19
118,7,Sweet Potato Noodles,11,91,2025-05-05
119,8,Inflatable Pool Float,3,59,2025-03-24
120,7,Elegant Maxi Skirt,3,61,2025-03-04
121,24,Watercolor Set,11,28,2025-06-11
122,4,Bamboo Utensil Holder,4,36,2025-04-13
123,13,Rolling Cooler,10,90,2024-11-30
124,10,Kettle Corn Popcorn,14,41,2025-06-24
125,16,Fall-Themed Table Runner,6,31,2025-06-22
126,14,Wall Art Stickers,15,38,2024-08-16
127,18,Chocolate Covered Pretzels,3,99,2025-02-22
128,7,Apple Cinnamon Instant Oatmeal,4,97,2024-08-15
129,14,High-Quality Yoga Block,4,43,2025-04-04
130,21,Oven-Baked Cheese Crisps,8,38,2025-03-18
131,13,Ski Goggles,4,95,2024-11-19
132,9,Corn Tortillas,6,56,2024-09-23
133,23,Creamy Avocado Dip,3,78,2024-11-18
134,20,Adjustable Laptop Desk,13,49,2024-10-29
135,4,Electric Griddle with Lid,6,24,2025-04-23
136,3,Oven Mitts with Pocket,7,49,2024-12-22
137,20,Puff Pastry,5,98,2025-04-04
138,8,Plant Pot Drip Trays,8,73,2024-08-12
139,23,Fitness Resistance Bands Kit,14,21,2025-01-08
140,12,DIY Candle Making Kit,1,99,2025-02-05
141,13,Coconut Water,4,73,2025-07-05
142,16,Incense Holder,5,76,2024-12-29
143,3,Electric Skillet,6,66,2025-03-02
144,5,Golf Putting Green,14,48,2025-02-07
145,7,Elderberry Syrup Kit,3,78,2024-12-26
146,10,Organic Quinoa,5,24,2025-07-16
147,19,Peanut Butter Banana Smoothie,7,86,2025-01-29
148,13,Chickpea Pasta,15,35,2024-09-26
149,2,Cotton Pajama Set,15,36,2025-06-03
150,14,Multi-Tool,8,48,2025-07-13
151,22,Mini Hand Gesture Drone,13,33,2025-03-27
152,2,Ricotta Cheese,1,21,2025-01-06
153,23,Buffalo Style Cauliflower Bites,5,29,2025-07-23
154,12,Kale Salad with Lemon Dressing,11,51,2024-09-23
155,1,Non-Toxic Concrete Sealer,2,83,2024-09-22
156,21,Faux Fur Throw Blanket,2,63,2024-11-22
157,14,LED Strip Lights Kit,13,38,2024-12-03
158,16,Peach Green Tea,9,59,2024-12-23
159,11,USB Flash Drive,12,92,2024-09-23
160,23,High-Waisted Skirt,5,43,2025-04-17
161,23,Kids' Art Easel,9,24,2025-07-28
162,14,Falafel Mix,12,40,2024-09-22
163,10,Chocolate Raspberry Tart,1,69,2025-04-19
164,12,Mashed Sweet Potatoes,11,81,2025-01-29
165,7,Teriyaki Sauce,8,74,2025-02-06
166,3,Tea Infuser Bottle,3,21,2025-03-16
167,7,Portable Grill Cover,1,58,2024-10-04
168,4,Body Pillow Case,13,95,2025-01-27
169,4,Chocolate Chip Cookie Mix,6,58,2024-12-04
170,24,Two-Tone Windbreaker,15,29,2025-05-31
171,17,Compact Pop-Up Tent,13,39,2025-04-18
172,22,Bike Repair Tool Kit,5,23,2025-01-04
173,11,Puzzle,11,45,2024-12-12
174,14,Curried Lentil Salad,1,55,2025-03-03
175,21,BBQ Sauce,7,45,2025-04-04
176,20,Cilantro Lime Rice,1,88,2024-12-07
177,5,Red Lentils,5,98,2024-11-04
178,2,Adjustable Laptop Desk,5,34,2025-02-20
179,25,Classic Cheesecake Mix,4,93,2024-10-17
180,20,Chocolate Coconut Protein Balls,3,59,2024-11-20
181,11,Crispy Rice Treats,10,83,2024-11-07
182,4,Electric Bike,6,39,2025-01-03
183,8,Watering Can with Nozzle,1,40,2024-12-14
184,16,Beef Stroganoff Meal Kit,4,74,2025-03-18
185,23,Baked Falafel Balls,1,30,2025-03-07
186,15,Pumpkin Spice Latte Mix,12,97,2025-07-07
187,24,Electric Meat Grinder,5,24,2025-03-07
188,5,Outdoor Inflatable Pool,3,75,2025-06-14
189,9,Spiralizer,9,86,2025-01-11
190,3,Sporty Slide Sandals,6,95,2025-07-15
191,21,Rechargeable Laptop Battery Pack,2,57,2024-11-13
192,6,Baking Soda,12,74,2025-07-20
193,15,Ground Turkey,15,85,2024-08-13
194,22,Frozen Vegetarian Pizza,6,84,2025-07-13
195,7,Classic Vanilla Fudge,14,39,2024-12-16
196,23,Car Diagnostic Scanner,6,39,2024-09-12
197,4,Beef Chili,11,77,2025-07-03
198,25,Mechanical Pencil Set,14,58,2025-04-17
199,13,Savory Quinoa Pudding,13,41,2024-12-04
200,23,Winter Knit Beanie,8,40,2024-10-11
201,2,Organic Coconut Yogurt,6,79,2024-10-09
202,19,Garden Tool Set,2,85,2024-12-14
203,25,Basil Tomato Soup,13,97,2025-01-14
204,6,Microfiber Cleaning Cloths,3,72,2025-07-14
205,8,Induction Cooktop,5,30,2025-07-07
206,3,Teriyaki Beef Strips,14,76,2024-11-11
207,15,Lemon Dill Salmon,5,85,2025-03-06
208,14,Electric Heat Press Machine,1,50,2024-10-30
209,10,Fruit and Nut Bars,9,56,2025-02-23
210,20,Puzzle,6,59,2025-03-17
211,24,Salt and Pepper Grinder Set,1,55,2024-09-26
212,25,Customizable Name Plate,11,26,2024-11-04
213,18,Desk Organizer Set,15,54,2024-12-30
214,6,Cucumber Lime Sparkling Water,13,44,2024-08-04
215,20,Children's Educational Puzzle,4,50,2025-06-30
216,15,LED Christmas Lights,8,22,2024-11-28
217,2,Mango Salsa,14,85,2024-08-26
218,22,Mango Chilli Sauce,14,99,2024-10-26
219,11,Caramel Apple Chips,13,23,2024-11-27
220,11,Applewood Smoked Bacon,1,69,2025-01-12
221,9,Electric Griddle with Removable Plates,9,38,2024-09-05
222,20,Outdoor Sports Backpack,12,67,2025-05-28
223,1,Pizza Stone,4,57,2024-12-05
224,2,Crafting Kit,14,90,2025-07-21
225,19,Honeycrisp Apples,14,49,2024-11-17
226,16,Grilled Veggie Burgers,11,28,2025-07-12
227,24,Kettle BBQ Grill,15,99,2025-01-12
228,15,Vegetarian Stuffed Peppers,5,57,2024-08-06
229,18,Dark Chocolate Bars,8,52,2024-12-07
230,16,Travel Pillow with Memory Foam,8,87,2025-02-25
231,16,Wireless Mouse,11,69,2025-03-28
232,1,Chia Seed Pudding Mix,8,82,2025-04-03
233,7,Wall-Mounted Organizer,1,30,2025-06-23
234,8,DIY Lip Balm Kit,11,41,2025-02-24
235,20,Sturdy Bookends,15,31,2024-12-09
236,15,Collapsible Colander,4,29,2024-10-04
237,12,Chipotle Black Bean Burger,14,60,2025-03-28
238,22,Bike Helmet,2,54,2024-10-26
239,21,Chicken Fajita Kit,8,28,2025-07-09
240,14,Dark Chocolate Covered Almonds,5,24,2025-07-06
241,21,Kettle Corn Popcorn,15,36,2025-02-03
242,8,Pet Activity Tracker,11,82,2024-09-21
243,17,Portable Refrigerator Freezer,7,67,2025-02-09
244,19,High-Speed Blender,13,58,2025-04-08
245,21,Artisan Bread,11,28,2024-11-01
246,8,Granola Cereal,1,78,2024-10-04
247,10,Diced Tomatoes (canned),8,81,2025-03-14
248,8,Maxi Wrap Dress,5,40,2024-11-26
249,19,Scent Diffuser Oil,4,69,2024-08-30
250,6,Plant Growing Kit,12,37,2024-12-11
251,18,Eco-Friendly Yoga Mat,7,60,2025-02-11
252,3,Mixed Nuts,4,76,2025-02-19
253,22,Oven Mitts,1,61,2025-06-30
254,10,Eggs (dozen),9,66,2025-06-11
255,17,Stainless Steel BBQ Grill Set,15,57,2024-10-23
256,3,Asian Stir-Fry Kit,14,65,2025-02-27
257,16,Chic Ankle Strap Heels,3,81,2025-03-14
258,13,Hot Salsa,6,39,2024-08-13
259,15,Kale Chips,14,22,2025-01-09
260,9,Free-Range Eggs,10,67,2025-04-03
261,17,Stainless Steel Water Pitcher,1,100,2024-11-27
262,5,Party Mini Dress,1,68,2024-11-24
263,20,Outdoor Adventure Kit,14,83,2025-01-24
264,3,Outdoor Fire Pit,14,72,2025-07-11
265,24,Chipotle Seasoning Blend,9,37,2025-06-13
266,19,Collapsible Pet Dog Bowl,5,74,2025-05-29
267,18,Beach Cover-Up,14,42,2025-07-23
268,19,Greek Yogurt Parfait,5,82,2025-02-06
269,17,Bluetooth Car Adapter,13,42,2024-12-10
270,20,Organic Coconut Oil,6,66,2025-01-16
271,9,Multi-Cooker,11,55,2025-04-07
272,4,Window Bird Feeder with Suction Cups,12,64,2024-12-06
273,1,Himalayan Pink Salt,6,26,2025-01-31
274,12,Gluten-Free Bread,11,97,2024-10-27
275,14,Cable Knit Beanie,9,40,2024-09-01
276,25,Wall Art,10,62,2024-10-11
277,9,Garden Hose Reel,6,75,2025-01-14
278,10,Dog Frisbee Toy,1,51,2025-07-04
279,4,Children's Backpack,4,90,2025-07-18
280,22,Chocolate Chip Pancake Mix,6,45,2025-03-13
281,23,Laptop Sleeve,3,64,2025-05-10
282,3,Luxury Memory Foam Mattress Topper,7,22,2025-05-08
283,12,Smart Wi-Fi Camera,10,72,2025-07-11
284,13,Cauliflower Crust Pizza,4,30,2024-09-27
285,19,Cheddar Cheese Crackers,1,82,2024-08-10
286,12,Over-Ear Headphones,1,30,2025-02-14
287,15,French Bread,15,24,2025-06-27
288,14,Spicy Thai Chili Sauce,3,69,2025-06-21
289,6,Camping Lantern,8,53,2024-09-26
290,15,Adjustable Bar Stools,12,61,2024-08-16
291,8,Sour Cream,10,44,2025-05-15
292,13,Oven-Baked Sweet Potato Fries,14,28,2025-06-27
293,22,Printed Maxi Skirt,8,37,2025-02-27
294,9,Insulated Cooler,5,26,2025-07-13
295,15,Peanut Butter,11,80,2025-02-18
296,22,Artisan Flatbreads,10,95,2024-10-08
297,2,Gardening Fairy Figurines,5,50,2025-06-07
298,4,Multi-Functional Rice Cooker,7,51,2025-04-30
299,22,Camera Tripod,8,85,2025-06-24
300,7,Peach Mango Smoothie,13,46,2024-11-21
301,3,Basil Pesto Pasta,14,93,2024-08-20
302,4,Window Bird Feeder,12,29,2025-05-28
303,13,Summer Tank Dress,12,52,2024-10-29
304,11,Drone,6,49,2025-04-21
305,5,Fitness Tracker Watch,2,70,2025-03-23
306,2,Zesty Cilantro Lime Dressing,13,67,2025-01-01
307,14,Vanilla Ice Cream,14,29,2024-09-01
308,14,Kids' Educational Tablet,2,59,2024-11-12
309,9,Foldable Yoga Mat,5,20,2025-05-05
310,19,Shatterproof Wine Glasses,5,47,2024-11-22
311,10,Multi-Purpose Marine Rope,3,80,2024-12-01
312,11,Kids' Art Supplies Kit,2,23,2025-04-14
313,20,Balsamic Vinegar,2,39,2025-01-15
314,24,Garden Hoses with Expandable Features,8,46,2025-02-24
315,12,Carrot and Celery Sticks,13,96,2025-02-14
316,14,Electric Heat Pad,6,73,2025-06-23
317,9,Chipotle Black Bean Burger,11,87,2025-02-16
318,22,Classic Pesto Sauce,7,50,2024-12-12
319,22,Wireless Induction Charger,5,81,2025-06-14
320,14,Wireless HDMI Receiver,14,97,2025-01-10
321,11,Caramelized Onion Dip Mix,3,61,2025-03-25
322,8,Pasta Maker Machine,2,61,2025-06-16
323,2,Bluetooth Sleep Headphones,15,66,2024-10-07
324,5,Chickpea Salad,7,28,2024-09-19
325,17,Art Supplies Organizer,3,53,2024-11-12
326,20,Organic Quinoa,8,94,2025-02-25
327,16,Digital Alarm Clock,2,56,2024-09-19
328,10,Mango Chia Pudding,6,83,2025-02-23
329,3,Chic Jumpsuit,2,87,2024-09-07
330,16,Savory Pumpkin Soup,7,25,2025-04-10
331,12,Mesh Laundry Bags Set,15,36,2024-11-08
332,8,Body Pillow Case,5,86,2024-09-19
333,15,Gingerbread House Kit,15,61,2025-02-21
334,7,Organic Green Lentils,10,31,2024-10-30
335,16,Maple Glazed Carrots,14,74,2025-05-26
336,12,Artisan Pickles,1,79,2024-10-03
337,21,Basil Lemonade,13,31,2025-06-07
338,24,Cordless Water Flosser,1,30,2025-02-09
339,17,Kids' Craft Supplies Set,12,57,2025-01-09
340,22,Car Vacuum Cleaner,7,51,2025-06-01
341,18,Classic Black Dress,13,63,2025-02-03
342,14,Vegetarian Chili,12,49,2025-01-26
343,17,Veggie Lovers Pizza,12,39,2024-09-02
344,23,Spicy Hummus,9,72,2024-11-22
345,12,Vegan Protein Powder,2,77,2024-12-28
346,7,Cold Brew Coffee Maker,1,30,2025-03-30
347,15,Chiffon Blouse,9,20,2025-06-12
348,19,Banana Nut Oatmeal Cups,2,97,2025-01-21
349,14,Yoga Mat Carrier,8,73,2024-12-19
350,14,Travel Organizer,3,96,2025-01-13
351,15,Weighted Jump Rope with Counter,6,49,2024-09-19
352,11,Sesame Noodles,12,47,2025-07-21
353,22,Roasted Garlic Butter,10,87,2025-02-06
354,17,Lemon Garlic Shrimp,15,66,2024-08-02
355,6,Sun-Dried Tomato Pesto,8,66,2024-11-05
356,24,Smart Wi-Fi Camera,7,62,2024-11-21
357,4,Portable Charcoal Grill,2,97,2025-02-14
358,9,Sustainable Wooden Toys,8,84,2025-03-29
359,7,Tea Infuser Bottle,13,38,2025-02-28
360,14,Feta Cheese Crumbles,14,83,2024-11-16
361,3,Electric Kettle,15,78,2025-01-11
362,1,Banana Chips,8,35,2025-06-24
363,24,Kids' Science Experiment Kit,3,80,2025-02-13
364,14,Portable Solar Phone Charger,3,31,2025-06-05
365,6,Frozen Berry Medley,8,99,2024-09-27
366,25,Spaghetti and Meatball Dinner Kit,13,54,2025-04-30
367,10,Electric Blanket,14,86,2025-01-14
368,25,Eco-Friendly Cleaning Cloths,2,82,2025-04-04
369,24,Teriyaki Chicken Bowl,8,39,2025-07-17
370,14,Non-Stick Crepe Pan,5,33,2025-06-30
371,18,Basic V-Neck T-Shirt,12,39,2025-03-27
372,23,Sriracha Chili Sauce,4,66,2025-02-11
373,7,Cabbage Slaw Mix,15,64,2024-08-09
374,17,Bock Beer Mustard,3,49,2025-02-20
375,2,Portable Refrigerator Freezer,4,81,2025-04-25
376,21,Silicone Stretch Lids,11,28,2025-06-24
377,5,Children's Gardening Set,13,70,2025-01-21
378,10,Spaghetti Sauce,8,96,2025-03-20
379,17,Pesto Pasta Salad,6,94,2024-09-02
380,22,Streaming Device,8,72,2024-12-26
381,19,Foldable Yoga Mat Carry Bag,13,46,2025-04-25
382,10,Coconut Milk,9,29,2025-06-20
383,1,Bodyweight Resistance Bands,14,24,2024-09-16
384,1,Scented Soy Candles,3,31,2025-01-19
385,5,Samoas Cookie Mix,14,94,2025-07-11
386,16,Spinach and Feta Wraps,10,45,2025-06-01
387,19,Deluxe First Aid Kit,3,76,2024-09-08
388,21,Whole Roasted Chicken,4,81,2024-12-17
389,15,Ceramic Non-Stick Frying Pan,4,60,2025-07-19
390,7,Luxury Bath Salts,8,78,2025-03-31
391,5,Durable Hiking Boots,12,59,2024-08-28
392,12,Fitness Jump Rope with LCD Counter,8,30,2025-03-09
393,21,Sporty Cap,15,50,2025-03-23
394,21,Pet Hair Vacuum Attachment,5,32,2025-04-17
395,13,Sour Cream,12,24,2025-04-03
396,21,Pet Travel Bowl,7,81,2025-06-10
397,21,Classic Cheesecake Mix,1,25,2025-02-28
398,5,Kids' Activity Book,1,37,2024-08-30
399,19,Italian Herbal Seasoning,8,36,2025-05-08
400,23,Repair Tool Set for Home Improvement,12,39,2025-04-04
401,16,Organic Cereal Bars,1,93,2025-02-04
402,18,Yoga Mat,1,43,2025-02-04
403,19,Adjustable Laptop Desk,3,59,2024-08-07
404,12,Organic Baby Spinach,14,86,2025-01-29
405,19,Sliced Bread,12,82,2025-04-14
406,22,High-Speed Hand Blender,10,31,2025-01-30
407,9,Crafting Kit,1,39,2024-11-18
408,12,Scent Diffuser Oil,15,22,2025-01-06
409,10,Fresh Strawberries,12,33,2025-04-28
410,7,Almond Flour Pizza Crust,13,22,2025-07-08
411,13,Smartphone Tripod with Remote,10,56,2024-10-16
412,16,Vanilla Ice Cream,8,94,2025-04-21
413,21,Personal Blender with Travel Lid,11,91,2025-03-14
414,13,Self-Watering Planter,11,46,2025-07-17
415,3,Organic Green Lentils,9,43,2025-03-03
416,9,Fitness Resistance Bands Kit,10,83,2024-09-13
417,1,Tomato Sauce,13,50,2025-04-01
418,9,Tomato Paste,7,82,2025-04-08
419,20,Sriracha Sauce,3,36,2024-08-07
420,17,Honey Mustard Dip,14,55,2024-09-15
421,20,Pomegranate Juice,3,28,2024-08-22
422,10,Caribbean Jerk Marinade,12,56,2024-11-23
423,12,Dog Training Collar,13,68,2024-11-17
424,13,LED Christmas Lights,9,40,2025-03-18
425,12,Smart Water Bottle,15,40,2025-01-24
426,10,Eco-Friendly Beeswax Wraps,9,88,2025-07-20
427,24,LED Flashlight with Rechargeable Batteries,5,24,2025-02-03
428,20,Electric Griddle with Removable Plates,4,59,2025-04-29
429,25,Bamboo Cotton Tank Top,11,64,2024-10-29
430,9,Magnetic Whiteboard,14,45,2025-01-01
431,6,Vegetable Spiralizer,7,55,2025-05-20
432,6,Shatterproof Wine Glasses,7,73,2024-08-08
433,13,Ramen Noodle Soup Cups,1,61,2025-07-19
434,16,Paint By Numbers Kit,15,31,2024-12-30
435,10,Silicone Baking Mat Set,5,63,2025-03-25
436,10,Vegetable Stir-Fry Sauce,15,25,2024-08-14
437,24,Luxury Bathrobe,3,20,2024-12-17
438,7,Organic Almond Flour,1,71,2025-01-06
439,24,Durable Hiking Boots,8,74,2024-08-04
440,9,Frozen Berry Medley,13,57,2024-08-07
441,23,Home Brewing Starter Kit,2,91,2025-05-08
442,16,Lemon Pepper Seasoning,5,74,2025-07-07
443,13,Coconut Almond Granola,5,39,2025-06-20
444,3,Pet Hair Removal Roller,8,91,2025-04-07
445,17,Set of Herb Garden Markers,2,63,2025-03-05
446,23,Blackberry Jam,7,89,2024-11-13
447,13,Ice Pack,1,30,2024-09-16
448,11,Organic Coconut Sugar,3,82,2024-11-23
449,12,Maple Glazed Carrots,7,95,2024-10-13
450,9,Basil-infused Olive Oil,3,58,2025-01-30
451,19,LED Strip Light Kit,1,37,2024-11-01
452,8,Blackberry Jam,10,27,2025-04-24
453,6,Wireless Gaming Mouse,6,85,2025-01-05
454,16,Smartphone Tripod with Remote,3,40,2024-11-01
455,20,Fitness Mat,7,37,2025-03-01
456,23,Garlic Herb Cream Cheese,8,73,2025-01-30
457,16,Adjustable Pet Grooming Table,12,93,2024-12-05
458,8,Electric Kettle with Temperature Control,3,70,2025-06-02
459,25,Compact Shoe Rack,12,35,2025-07-26
460,25,Sliced Avocado,15,53,2025-03-21
461,23,Sweet Chili Sauce,6,55,2024-10-16
462,4,Solar String Lights,8,20,2025-04-19
463,1,Adjustable Yoga Mat Strap,4,20,2025-06-15
464,18,Natural Fruit Snacks,3,45,2025-06-16
465,20,Kids' Outdoor Explorer Kit,15,44,2025-03-12
466,17,Beach Cover-Up,10,98,2025-07-14
467,21,Cranberry Almond Cookies,7,24,2024-08-07
468,5,Cheese Stuffed Jalapenos,11,34,2024-09-03
469,1,Strawberry Rhubarb Jam,7,90,2025-07-19
470,15,Cheddar & Bacon Potato Skins,2,71,2024-10-31
471,15,LED Desk Light,1,37,2025-04-13
472,9,Rechargeable Electric Toothbrush,1,44,2024-09-27
473,5,Yoga Blocks,14,87,2025-03-10
474,1,Electric Razor,6,68,2024-09-21
475,2,Winter Insulated Jacket,2,81,2024-09-02
476,15,Wireless Game Controller,4,37,2025-03-20
477,7,Vegetable Sushi Rolls,10,33,2025-07-28
478,11,Pepper Jack Cheese Slices,11,50,2024-12-28
479,18,Non-Slip Yoga Socks,12,84,2025-06-08
480,6,Warm Wool Sweater,1,91,2024-12-14
481,9,Compact Hair Dryer,1,64,2025-03-19
482,8,Coconut Almond Granola,14,30,2025-04-10
483,2,Pet Bed with Removable Cover,5,28,2024-08-11
484,20,Sun-Dried Tomatoes,8,47,2025-04-08
485,15,Tea Set with Infuser,1,72,2025-03-14
486,22,Baking Soda,11,38,2025-05-22
487,21,Buffalo Stilton Cheese,1,37,2024-12-17
488,20,Wall-Mounted Wine Rack,3,88,2024-08-27
489,21,Classic Pesto Sauce,6,79,2025-04-02
490,12,Maple Almond Butter,5,22,2025-04-10
491,22,Chino Shorts,6,99,2025-06-11
492,16,Buffalo Stilton Cheese,7,95,2025-01-25
493,18,Wooden Kitchen Utensil Set,2,55,2024-12-04
494,2,Whole Grain Mustard,7,59,2024-12-22
495,11,Collapsible Storage Crates,9,53,2024-09-08
496,10,Himalayan Pink Salt,6,91,2025-02-21
497,3,Avocado Oil Mayo,4,84,2024-09-23
498,8,Cinnamon Rolls,5,31,2025-01-27
499,22,Weighted Jump Rope,15,44,2025-04-02
500,16,Beef Tacos,2,79,2025-02-14
501,15,Classic Caesar Salad Kit,15,32,2024-11-16
502,4,Peanut Butter Protein Balls,12,52,2024-12-29
503,18,Baked Falafel Balls,6,92,2025-01-05
504,2,Chocolate Avocado Pudding,4,58,2024-11-05
505,16,Sliced Cheese,11,37,2024-08-09
506,8,Oven Mitts with Pocket,1,97,2025-04-18
507,12,Garden Tool Set,3,30,2025-03-11
508,11,Crispy Tofu Bites,7,45,2024-12-05
509,2,Vegetable Stir-Fry Kit,15,45,2025-06-14
510,20,Smoked Paprika,1,63,2025-02-28
511,20,Electric Nail File Kit,15,99,2025-01-29
512,9,Smartphone Tripod,9,63,2025-04-12
513,23,Oven Thermometer,9,59,2025-04-14
514,15,Mini Indoor Herb Garden Kit,5,89,2024-11-06
515,19,Smartphone Car Mount with Wireless Charging,7,75,2024-09-08
516,18,Maple Bacon Popcorn,9,96,2025-06-20
517,24,Roasted Sweet Corn,15,64,2025-05-19
518,23,Adjustable Garden Rake,13,99,2024-10-08
519,14,Pasta Portion Control Measure,3,51,2025-05-22
520,18,Baked Mac and Cheese,6,93,2024-11-06
521,5,Wireless Security Camera,4,95,2024-10-03
522,3,Classic Chicken Noodle Soup,11,57,2024-08-28
523,3,Cocktail Shaker Set,3,39,2025-03-14
524,5,Coconut Curry Lentil Soup,12,38,2024-08-11
525,23,Chocolate Dipped Fruit,13,54,2024-10-03
526,23,Herb Garlic Butter,14,51,2024-11-07
527,5,Whisk Set,1,61,2025-06-07
528,22,Leather Biker Jacket,1,32,2025-05-09
529,13,Portable Pet Stroller,8,65,2025-07-24
530,2,Sriracha Honey Glaze,9,33,2025-03-04
531,4,Toy Building Set,15,52,2024-08-08
532,23,Board Game Storage,13,52,2024-10-12
533,2,Pineapple Coconut Bars,2,41,2024-10-18
534,20,Multi-Layer Food Steamer,4,90,2024-08-10
535,3,Car Windshield Sun Shade,10,37,2024-11-25
536,7,Berries Medley,5,98,2025-01-20
537,19,Comfy Slippers,4,74,2024-10-11
538,11,Oven-Baked Sweet Potato Fries,3,78,2024-10-19
539,22,Cinnamon Raisin Bagels,2,64,2025-02-18
540,23,Lentil Pasta,13,35,2024-12-21
541,19,Pistachio Ice Cream,11,62,2024-11-13
542,16,Miso Soup Mix,1,40,2025-07-01
543,20,Vegetable Curry,12,22,2025-07-18
544,12,Graphic Hoodie,5,45,2025-02-23
545,2,Garlic Parmesan Wings,10,42,2024-08-08
546,13,Jump Rope with Counter,12,46,2025-06-06
547,3,Nail Polish Set,2,81,2024-11-03
548,14,Hibiscus Herbal Tea,2,63,2024-10-19
549,14,Personal Blender with Cups,3,83,2024-11-15
550,22,Vegetable Samosas,12,49,2024-11-10
551,15,DIY Lip Balm Kit,6,38,2025-03-11
552,13,Multifunctional Baby Bottle Warmer,15,65,2025-04-01
553,19,Smoked Gouda Cheese,5,79,2025-05-01
554,20,Spicy Tuna Rolls,13,87,2025-05-01
555,7,Spicy Chicken Wings,6,42,2025-07-21
556,22,Zucchini Noodles,11,34,2024-08-08
557,5,Set of Herb Garden Markers,10,79,2025-05-30
558,5,Spinach and Cheese Stuffed Shells,4,41,2024-09-13
559,14,Black Bean Soup,5,56,2024-11-04
560,8,Teriyaki Salmon Fillets,11,60,2025-01-07
561,22,Chocolate Dipped Fruit,13,56,2025-07-29
562,10,Sliced Turkey Breast,2,87,2025-03-01
563,24,Pet Grooming Scissors,14,98,2025-07-25
564,10,Beef Stroganoff Meal Kit,6,25,2024-08-05
565,3,Sliced Strawberries,2,78,2025-03-26
566,21,Smart Doorbell,4,35,2025-05-15
567,8,Fettuccine Alfredo Dinner Kit,5,52,2025-03-26
568,21,Mediterranean Flatbread,4,24,2024-10-24
569,2,Vegan Taco Seasoning,1,94,2025-01-14
570,12,Faux Leather Leggings,4,62,2024-11-30
571,16,Handcrafted Wooden Coasters,15,34,2025-04-25
572,9,Soft Plush Throw Blanket,7,90,2024-08-24
573,3,Luxury Bath Salts,2,70,2024-08-09
574,21,Relaxed Fit Henley Shirt,3,49,2024-11-12
575,19,Ground Turkey,3,32,2025-04-27
576,8,Children's Science Experiment Lab Kit,3,78,2025-07-10
577,5,Infrared Thermometer Gun,15,74,2025-07-20
578,23,Cheese Stuffed Jalapenos,3,53,2025-04-21
579,4,Lockable Bicycle Chain,11,84,2025-07-20
580,24,Barbecue Chicken Pizza,3,66,2025-01-18
581,12,Rechargeable Electric Screwdriver,3,50,2025-07-24
582,3,Interactive Plush Toy,7,84,2025-01-19
583,8,Athletic Jogging Jacket,5,90,2024-10-04
584,12,Lockable Bicycle Chain,12,99,2025-02-17
585,1,Adjustable Laptop Desk,5,82,2024-10-03
586,9,High-Speed Blender,2,48,2025-02-08
587,5,Backpacking Tent,12,29,2024-09-30
588,25,Canvas High-Top Sneakers,8,90,2025-07-15
589,17,Nordic Berry Smoothie,2,24,2025-04-10
590,10,Sour Cream,4,40,2024-09-05
591,8,Automatic Pet Feeder,4,92,2025-04-29
592,6,Vegan Chocolate Cake Mix,9,22,2025-04-10
593,12,Smart Plant Monitor,10,83,2025-06-09
594,20,Organic Black Beans,10,69,2024-09-19
595,14,Chicken Fajita Kit,12,77,2025-07-12
596,15,Smart Light Bulbs,7,62,2025-01-08
597,3,Spicy Beef Taco Mix,12,66,2025-02-15
598,6,Wireless Mouse,1,81,2025-05-15
599,15,Travel Hair Straightener,6,37,2024-08-22
600,11,Honey Roasted Chickpeas,2,83,2024-12-30
601,11,Cheese Stuffed Jalapenos,3,65,2024-11-18
602,23,Creative Puzzle Game,5,93,2025-04-08
603,20,Garlic Parmesan Roasted Nuts,14,28,2024-08-20
604,5,Chocolate Dipped Fruit,4,25,2025-02-21
605,15,Karaoke Microphone,2,32,2025-05-13
606,23,Portable Speaker Stand,12,22,2025-06-26
607,16,Organic Whole Wheat Flour,3,77,2025-05-22
608,17,Honey Mustard Chicken Breasts,2,27,2025-05-23
609,8,LED Table Lamp,12,81,2025-05-01
610,3,Savory Quinoa Pudding,11,41,2025-07-06
611,12,Roasted Garlic Mashed Potatoes,4,45,2025-05-03
612,8,Digital Wireless Meat Thermometer,12,58,2025-04-13
613,8,Vegetable Spiralizer,9,87,2024-10-02
614,6,Portable Folding Picnic Table,7,61,2025-07-27
615,5,Jump Rope with Counter,1,22,2024-08-29
616,14,Multifunctional Baby Bottle Warmer,2,23,2024-10-14
617,11,Adjustable Stand for Tablets and Smartphones,6,32,2024-12-29
618,8,Wireless HDMI Receiver,9,95,2024-08-07
619,4,Pork Chops,8,56,2024-11-26
620,24,Wine Decanter,13,69,2025-06-27
621,11,Pretzel Bites,5,87,2024-08-23
622,14,Carrot Ginger Soup,3,100,2024-09-27
623,18,Self-Watering Planters,5,43,2025-07-27
624,2,Athletic Sports Bra,9,99,2025-03-18
625,11,Mini Hand Gesture Drone,9,78,2025-04-20
626,19,Dog Collar,7,51,2025-06-02
627,15,Portable Phone Charger,6,93,2025-03-31
628,25,Comfort Flats,6,31,2024-08-25
629,13,Maxi Wrap Dress,15,95,2024-08-27
630,9,Honey Mustard Dip,8,20,2024-12-25
631,17,Lightweight Travel Backpack,10,93,2025-02-02
632,3,Air Fryer Oven,3,30,2024-09-17
633,10,Nutty Quinoa Salad,7,97,2025-06-22
634,5,Reusable Coffee Filter,7,65,2025-07-11
635,1,Basil Tomato Soup,11,52,2025-01-10
636,18,Comfortable Bed Pillow,6,64,2025-02-25
637,5,Sweet Potato Mash,8,36,2025-02-17
638,10,Fleece Lined Leggings,15,86,2025-01-13
639,15,Mini Fondue Set,10,98,2025-05-11
640,18,Kids' Art Easel,2,29,2024-11-14
641,2,Kitchen Scale,1,56,2025-02-10
642,18,Electronic Drum Kit,6,42,2024-10-17
643,24,Cat Tree,6,23,2024-10-12
644,18,Smartphone Stand,2,44,2025-04-07
645,12,Silicone Baking Cups,8,83,2025-03-04
646,3,Garlic Naan Bread,4,93,2024-10-06
647,8,Fashionable Belt Bag,11,38,2024-08-20
648,8,Outdoor Folding Table,10,48,2025-05-08
649,6,Oversized Denim Shirt,14,69,2025-02-22
650,22,Wireless Earbuds,8,45,2025-01-08
651,8,Almond Flour Tortillas,5,50,2024-11-08
652,23,Wireless Earbud Silicone Covers,7,60,2025-07-27
653,1,Honey Sesame Cashews,8,22,2025-07-04
654,8,Almond Flour,15,99,2025-02-04
655,11,Coffee Subscription Service,9,78,2025-04-30
656,12,Frozen Chicken Nuggets,5,70,2025-06-13
657,12,Handcrafted Wooden Jewelry Box,13,48,2024-12-09
658,15,Ground Cinnamon,10,38,2025-04-02
659,16,Gardening Kneeler and Seat,9,22,2024-08-15
660,16,Herb-Infused Olive Oil,2,22,2025-07-09
661,16,Mayonnaise,12,55,2025-03-22
662,12,Wireless Earbuds,4,76,2024-12-31
663,15,Cold Brew Coffee Concentrate,14,75,2025-03-12
664,11,Electric Blanket,4,21,2024-12-12
665,10,Dog Training Whistle,9,36,2025-01-24
666,16,Cold Brew Coffee Maker,4,86,2025-05-23
667,10,Sesame Oil,11,91,2024-09-08
668,5,Pet Water Fountain with Filtration,2,77,2024-10-06
669,13,Inspirational Wall Art,14,56,2024-09-29
670,4,Vegan Protein Powder,7,91,2024-11-24
671,5,Teriyaki Beef Strips,3,89,2024-10-17
672,8,Stylish Combat Boots,13,93,2025-02-27
673,16,Robot Vacuum Cleaner,3,35,2024-11-10
674,18,Low-Fat Yogurt,5,61,2025-06-25
675,1,Cat Tree with Scratching Posts,3,84,2025-02-10
676,1,Insulated Lunch Bag,4,34,2025-01-30
677,4,Non-Stick Grill Pan,5,61,2025-04-30
678,7,Chocolate Almond Milk,15,23,2025-02-08
679,22,Teriyaki Chicken Bowl,6,78,2025-07-27
680,21,Portable Electric Fan,8,38,2025-07-16
681,5,Falafel Mix,5,51,2025-06-02
682,1,Sliced Strawberries,14,56,2025-01-04
683,9,Pineapple Teriyaki Chicken Mix,14,51,2025-03-27
684,20,Almond Flour Pizza Crust,15,64,2025-04-10
685,4,DIY Lip Balm Making Kit,9,77,2025-05-27
686,10,Hummus Variety Pack,6,41,2025-03-27
687,8,Travel Eye Mask with Ear Plugs,7,95,2024-12-27
688,12,Weighted Blanket for Adults,6,39,2025-06-22
689,18,Inflatable Pool Float,9,40,2025-01-29
690,25,Foot Massager Machine,5,60,2024-12-06
691,22,Maple Chipotle Glaze,10,73,2024-10-18
692,15,Avocados,7,68,2024-12-12
693,4,Oats,12,79,2024-09-01
694,12,Beet Salad,12,82,2025-02-19
695,15,Nutritional Yeast,9,21,2024-10-17
696,11,Mediterranean Couscous,4,23,2025-03-06
697,20,Pet Nail Clipper,11,37,2024-08-26
698,4,Dog Walking Waist Pack,9,40,2025-04-19
699,2,Pet Leash,1,27,2025-01-22
700,9,Luxe Velvet Blazer,9,50,2024-09-26
701,23,Insulated Coffee Mug,11,50,2025-05-19
702,16,Organic Black Beans,8,38,2024-12-31
703,8,Spicy Chicken Wings,7,42,2024-10-14
704,9,Pet Leash,4,63,2024-12-29
705,9,Fitness Resistance Bands Set,8,28,2024-10-11
706,23,Lemon Garlic Marinade,13,65,2025-05-11
707,7,Casual Long Cardigan,8,28,2025-05-12
708,17,Siphon Coffee Maker,15,74,2025-06-16
709,22,Apple Pie Filling,6,100,2025-05-31
710,10,Samsung Galaxy Smartwatch,11,90,2024-08-03
711,8,Kale and Quinoa Salad,13,68,2024-08-16
712,2,Foldable Yoga Mat,7,74,2025-05-09
713,21,Almond Coconut Granola,14,37,2024-12-12
714,9,Collapsible Water Bottle,2,65,2025-06-06
715,3,Luxury Bath Robe,12,77,2025-03-29
716,9,Bicycle Lock,9,34,2025-06-09
717,11,Collapsible Water Bottle,14,61,2025-03-21
718,19,Digital Wireless Camera,9,68,2025-02-28
719,12,Yoga Mat,11,48,2025-06-07
720,4,Cranberry Almond Biscotti,1,20,2025-05-13
721,19,Tactical Backpack,3,79,2024-09-23
722,18,Truffle Parmesan Fries,13,52,2025-05-05
723,13,Car Seat Organizer,11,60,2024-08-05
724,12,Shoe Organizer,7,93,2025-04-01
725,15,Sous Vide Cooker,15,25,2025-06-23
726,2,Baby Safety Corner Guards,11,75,2025-06-13
727,2,Pumpkin Puree,13,43,2025-03-23
728,24,Kettle Chip Variety Pack,8,45,2024-09-03
729,25,Insulated Coffee Mug,9,24,2025-03-13
730,5,Gardening Gloves with Claws,7,63,2025-04-04
731,4,Eco-Friendly Yoga Mat,14,58,2024-11-20
732,10,Black Olives,8,70,2025-03-26
733,3,Vegetable Chips,9,47,2025-02-13
734,19,Reversible Swimming Pool Lounger,10,29,2024-11-02
735,11,Skincare Set,4,59,2025-01-15
736,15,Organic Black Bean Burger,9,62,2025-01-29
737,3,Kale & Quinoa Salad Mix,15,65,2025-05-27
738,19,Peach Slices (canned),6,92,2024-09-03
739,1,Window Bird Feeder,11,76,2025-01-30
740,1,Induction Cooktop,11,73,2025-03-22
741,9,Pasta Sauce Mix,12,28,2025-07-03
742,5,Lemon Dill Chicken Skewers,8,100,2024-08-03
743,3,Outdoor Sports Backpack,13,77,2025-01-01
744,8,Whole Wheat Pasta,9,50,2025-07-25
745,14,Organic Coconut Water,12,70,2024-07-31
746,10,Rice Cakes,13,72,2025-01-17
747,10,Frozen Broccoli,11,29,2024-10-12
748,14,Portable Refrigerator Freezer,4,53,2024-11-11
749,21,Himalayan Pink Salt,5,77,2025-01-20
750,19,Tea Infuser Bottle,14,38,2024-11-26
751,8,Wireless HDMI Receiver,9,61,2024-12-30
752,19,Collapsible Pet Dog Bowl,7,81,2025-05-11
753,23,Electric Milk Frother,15,23,2024-12-07
754,9,Crispy Rice Treats,12,81,2025-03-12
755,1,Multi-Purpose Marine Rope,15,75,2024-11-07
756,11,Hummus,14,29,2024-12-18
757,22,Buffalo Sauce,1,72,2024-11-27
758,3,Yoga Mat,2,64,2025-04-24
759,13,Canvas High-Top Sneakers,12,29,2025-01-04
760,17,Garden Tool Set with Carrying Bag,1,57,2025-03-07
761,19,Ready-to-Eat Chili,15,34,2025-05-26
762,10,Car Trash Can,12,33,2025-06-26
763,7,Electric Razor,6,74,2025-03-12
764,5,Multi-Purpose Scissors,15,38,2024-09-05
765,25,Frozen Fruit Medley,13,58,2025-05-30
766,25,Handheld Garment Steamer,8,37,2025-02-15
767,5,Pet Caress Brush,10,29,2025-01-21
768,10,Sushi Roll Kit,4,24,2024-08-20
769,13,Fitness Mat,13,22,2024-10-28
770,18,Caramelized Onion Dip,3,87,2025-02-24
771,20,Tabletop Fire Pit,5,67,2025-04-23
772,21,Digital Voice Recorder,7,84,2024-10-18
773,20,Stick Vacuums Cleaner,3,77,2024-08-17
774,18,Scented Candles,12,56,2025-01-25
775,18,Pet Travel Carrier,8,87,2025-02-20
776,25,Graphic Print Leggings,12,67,2024-09-17
777,23,Garlic Parmesan Wings,11,73,2025-01-29
778,18,Decorative Wall Tapestry,9,38,2024-11-14
779,5,Mini Electric Kettle,13,54,2024-11-06
780,4,Lemon Garlic Marinade,8,83,2025-04-27
781,8,Garden Vegetable Chips,6,92,2025-07-11
782,17,Berries Medley,2,83,2024-09-16
783,13,Cream Cheese,4,92,2024-08-16
784,23,Black Bean Salsa,10,24,2024-08-28
785,11,Pumpkin Spice Latte Mix,12,38,2025-01-29
786,15,Multicolored LED Strip Lights,12,38,2025-01-03
787,19,Strawberry Rhubarb Jam,9,39,2024-11-24
788,18,Chocolate Coconut Protein Balls,13,93,2024-12-08
789,8,Electric Griddle with Removable Plates,5,36,2024-11-19
790,19,Vintage Button-Down Shirt,13,37,2024-08-14
791,10,Chickpea Snack Mix,12,94,2025-04-30
792,25,Set of Herb Garden Markers,4,46,2025-06-10
793,24,Reusable Coffee Filter,5,69,2025-05-21
794,17,Margherita Pizza,9,54,2024-09-01
795,13,Mediterranean Couscous Salad,14,59,2025-01-30
796,20,Gluten-Free Bread,5,48,2024-10-26
797,23,3D Night Light,5,46,2024-09-22
798,25,Samsung Galaxy Smartwatch,5,74,2025-04-23
799,17,Saffron Rice Mix,3,87,2025-03-10
800,3,Thai Basil Fried Rice,9,48,2025-05-18
801,15,Warm Knit Beanie,2,30,2024-11-08
802,11,Fitness Jump Box,12,63,2025-02-17
803,16,Banana Chips,2,44,2025-05-27
804,3,Hand Mixer,9,45,2025-03-20
805,18,Foldable Electric Scooter,1,58,2024-12-19
806,21,High-Low Hem Tee,6,50,2025-06-23
807,1,Stainless Steel Travel Mug,11,38,2024-11-11
808,22,Classic Caesar Salad Kit,14,51,2025-06-15
809,21,Mediterranean Chickpea Salad,3,74,2025-04-02
810,8,Car Sunshade,12,38,2024-12-03
811,25,Whole Grain Hamburger Buns,7,45,2025-07-18
812,22,Beef Tacos,2,27,2025-06-23
813,25,Ceramic Non-Stick Frying Pan,15,49,2024-09-14
814,24,Vegetable Chips,14,42,2025-01-06
815,10,Coconut Cream Pie Mix,8,29,2025-04-17
816,11,Sweet Potato Chips,4,70,2024-10-29
817,7,Organic Fruit Salad,12,33,2025-03-10
818,21,Lentil Soup,1,91,2025-06-05
819,10,DIY Lip Balm Making Kit,8,71,2025-04-11
820,22,Window A/C Unit,12,89,2024-11-21
821,11,Egg Noodles,12,98,2024-10-08
822,11,Sculpting Kit,14,68,2024-11-14
823,19,Dog Car Seat Cover,4,86,2025-06-24
824,24,Overnight Hiking Backpack,2,57,2025-07-19
825,25,Whole Grain Mustard,7,95,2025-06-26
826,13,Herbal Tea Variety Pack,10,59,2025-04-24
827,23,Portable Pet Water Bottle,5,51,2024-12-29
828,7,Sesame Ginger Dressing,10,66,2024-11-28
829,6,V-Neck Sweater,7,75,2024-09-28
830,16,Non-Stick Crepe Pan,1,20,2024-11-26
831,19,Pineapple Coconut Rice Mix,9,98,2025-03-21
832,9,Cable Knit Beanie,14,45,2025-03-07
833,16,Skincare Set,13,70,2024-08-28
834,16,Compact Portable Grill,2,87,2024-11-03
835,2,Mango Chutney,15,55,2025-02-13
836,15,Balsamic Fig Dressing,15,36,2024-11-18
837,6,Grilled Veggie Burgers,15,80,2025-02-25
838,15,Honey Lemon Tea,14,81,2024-10-14
839,11,Coconut Milk Yogurt,13,25,2025-03-27
840,24,Adjustable Pedicure Footrest,4,81,2025-02-18
841,21,Survival Gear Kit,15,97,2024-10-31
842,25,Portable Camping Shower,6,74,2025-06-29
843,14,Artisan Bread Loaf,5,34,2024-09-20
844,15,Cheesy Cauliflower Bake,12,67,2025-04-10
845,3,Portable Solar Phone Charger,7,66,2025-02-25
846,7,Jigsaw Puzzle,1,35,2025-01-08
847,19,Ginger Snaps,2,90,2025-04-01
848,24,Yoga Mat,1,94,2024-12-25
849,9,Pretzel Bites,2,23,2024-10-14
850,23,Foldable Yoga Mat Carry Bag,5,83,2024-12-08
851,11,Lemon Lime Sparkling Water,12,31,2024-11-14
852,16,Two-Tier Fruit Basket,11,72,2025-02-18
853,9,Elegant Maxi Skirt,1,58,2025-02-19
854,21,Drone,2,46,2025-06-22
855,10,Digital Meat Thermometer,12,94,2025-01-04
856,14,Peanut Butter,13,93,2025-02-21
857,17,First Aid Kit,9,34,2025-03-05
858,20,Buffalo Cauliflower Wings,12,35,2025-01-02
859,7,Samoas Cookie Mix,1,44,2025-05-07
860,21,High-Top Leather Boots,7,44,2024-12-02
861,21,Chocolate Chip Muffins,7,91,2025-01-19
862,20,Organic Cereal Bars,15,40,2025-03-12
863,8,Thai Coconut Curry Sauce,8,99,2024-08-09
864,18,Magnetic Curtain Tiebacks,7,71,2025-03-12
865,18,Honey Mustard Dip,5,68,2025-05-27
866,8,Low-Fat Cottage Cheese,6,37,2025-04-24
867,7,Wireless Gaming Headset,3,38,2024-11-26
868,10,Ceramic Bakeware Set,15,42,2025-02-19
869,13,Organic Coconut Water,1,88,2024-12-18
870,6,Sea Salt Caramel Brownie,5,21,2024-08-21
871,25,Herb Drying Rack,14,89,2025-07-26
872,13,Quinoa & Black Bean Salad,14,93,2025-04-02
873,9,Wooden Blocks,5,38,2024-10-06
874,25,Tuna Fish (canned),13,60,2024-12-03
875,17,Cotton Basic Tank,9,41,2025-02-21
876,18,Yoga Mat,7,96,2024-11-08
877,19,Sketchbook,9,89,2025-07-15
878,12,Wireless Music Receiver,11,22,2024-11-30
879,22,Vintage Graphic Tee,2,71,2025-06-09
880,11,Habanero Hot Sauce,7,80,2024-10-16
881,6,Dried Cranberries,1,49,2025-04-12
882,5,Buffalo Wing Sauce,10,46,2024-12-21
883,18,Frozen Acai Bowl,3,53,2024-09-18
884,12,Cable Knit Beanie,15,76,2024-09-27
885,24,Trainers with Mesh Inserts,14,99,2024-11-01
886,3,Camping Chair with Cooler,5,36,2025-03-30
887,18,Electric Heat Pad,10,85,2025-04-08
888,21,Oatmeal Raisin Cookies,12,27,2024-09-28
889,8,Freestanding Wine Rack,10,68,2024-08-04
890,18,Trendy Bomber Jacket,4,48,2025-02-25
891,8,Beard Grooming Kit,9,95,2025-06-17
892,20,Roasted Red Pepper Sauce,12,29,2025-02-17
893,13,Honey Butter Popcorn,11,50,2024-10-21
894,5,Portable Hammock,10,38,2025-03-05
895,5,Men's Waterproof Hiking Boots,12,80,2024-12-27
896,3,Cheddar Cheese Crackers,14,96,2024-12-04
897,18,Italian Herbal Seasoning,2,100,2024-09-25
898,3,Electric Bike,4,36,2024-08-04
899,10,Cold Brew Coffee Maker,9,90,2024-08-14
900,6,LED Desk Light,14,44,2024-12-10
901,6,Cotton Basic Tank,9,96,2024-12-31
902,10,Buttermilk Pancakes,2,92,2025-06-02
903,9,Electric Heat Press Machine,13,83,2025-05-20
904,16,Apricot Jam,10,43,2024-12-25
905,22,Suede Ankle Booties,13,99,2025-01-01
906,10,Fettuccine Alfredo Dinner Kit,4,69,2024-10-31
907,9,Portable Solar Path Lights,12,60,2024-10-28
908,12,Blue Corn Tortilla Chips,12,65,2025-02-28
909,17,Lightweight Travel Backpack,4,45,2025-06-15
910,11,Maple Pecan Granola,9,32,2025-04-12
911,22,Zucchini,7,29,2024-10-18
912,21,Repair Tool Set for Home Improvement,11,58,2024-08-20
913,21,Aeropress Coffee Maker,4,79,2025-05-13
914,8,Wall-Mounted Wine Rack,13,39,2024-12-16
915,5,Electronic Drum Kit,10,81,2025-03-25
916,24,Crafting Kit,14,20,2024-11-22
917,12,Luxury Rolling Makeup Case,10,74,2024-12-19
918,11,Coconut Granola,8,32,2024-11-30
919,22,Digital Food Thermometer,14,34,2024-08-14
920,8,Travel Pillow,5,29,2024-12-24
921,25,Coconut Curry Sauce,9,80,2024-08-29
922,3,Hiking Water Bottle with Filter,3,80,2025-04-19
923,23,Chili Beans in Sauce,15,55,2025-04-30
924,17,Lentil Pasta,14,25,2025-05-25
925,18,Beef Sirloin Steak,6,60,2025-03-04
926,24,Electric Griddle with Lid,12,84,2024-09-22
927,11,Lemon Zest Olive Oil,2,50,2025-04-11
928,21,Smart Light Bulbs,7,24,2024-08-18
929,15,Portable Leaf Blower,3,70,2024-12-07
930,15,Electric Razor,14,52,2025-06-27
931,11,Orange Ginger Vinaigrette,14,86,2025-01-19
932,16,Peach Slices (canned),4,34,2024-09-22
933,2,Nutritional Yeast,6,73,2025-04-18
934,21,Handmade Leather Journal,1,90,2024-10-12
935,25,Roasted Garlic,7,30,2024-11-22
936,7,Vanilla Bean Greek Yogurt,3,50,2025-05-04
937,6,Creamy Ranch Dressing,13,29,2024-10-06
938,9,Quinoa and Kale Salad Kit,12,45,2024-09-11
939,12,Non-Stick Crepe Pan,15,37,2025-04-17
940,12,French Onion Dip,10,98,2024-12-06
941,16,Smartphone UV Sanitizer,7,22,2025-04-29
942,16,Over-Ear Headphones,8,69,2025-01-16
943,13,Quinoa & Black Bean Salad,14,52,2025-03-05
944,12,Flavored Popcorn Mix,10,53,2025-02-27
945,2,Greek Yogurt Parfait,15,45,2025-05-18
946,11,Mushroom Soup (canned),7,82,2024-09-29
947,4,Maple Breakfast Sausage,6,48,2024-11-02
948,21,Sesame Garlic Stir-Fry Sauce,2,57,2024-09-26
949,16,DIY Organic Gardening Kit,12,35,2024-11-10
950,17,Organic Coconut Flakes,5,93,2024-08-03
951,6,Backpack,7,46,2025-02-07
952,14,Wireless HDMI Transmitter,8,21,2025-06-24
953,13,Home Delivery Food Journal,8,37,2025-07-11
954,12,Cauliflower Pizza Crust,5,56,2025-02-08
955,10,Collapsible Folding Chair,2,84,2024-11-03
956,11,Spinach and Ricotta Ravioli,8,77,2025-05-07
957,23,Pasta (Linguine),10,42,2024-11-16
958,22,Spicy Chicken Wings,4,52,2024-10-29
959,6,Ice Pack,15,84,2024-10-25
960,12,Gardening Tools Set,6,38,2024-12-17
961,10,Portable Air Conditioner,8,25,2024-10-11
962,6,Fresh Cilantro,10,25,2024-08-13
963,12,Fire Roasted Salsa,15,97,2025-07-18
964,11,Mixed Berry Smoothie Pack,3,100,2025-05-23
965,4,Gaming Headset,12,66,2024-11-17
966,1,Fruit and Nut Energy Bites,13,52,2025-02-01
967,17,Puzzle Mat,2,21,2025-06-22
968,11,Outdoor Adventure Kit,5,44,2025-02-22
969,7,Almond Flour Pizza Crust,7,84,2024-12-19
970,16,Dried Mango Slices,5,60,2024-09-29
971,1,Smartphone Tripod with Bluetooth Remote,8,60,2025-05-07
972,8,Brussels Sprouts,7,56,2024-09-19
973,6,Beef Enchilada Casserole,7,76,2025-03-23
974,8,Fruit and Nut Medley,7,26,2024-09-27
975,11,Garlic Herb Marinade,14,98,2024-10-06
976,5,Cacao Nibs,4,100,2025-06-05
977,20,Sesame Garlic Stir-Fry Sauce,14,82,2025-07-30
978,9,Spinach and Cheese Quiche,10,60,2024-11-26
979,15,Savory Rice Cakes,5,79,2024-08-11
980,25,Silicone Baking Mats,6,53,2025-06-15
981,10,Radish Chips,8,86,2025-01-02
982,18,Chocolate Mint Thins,11,64,2025-04-20
983,21,Rechargeable Battery Organizer,14,56,2025-05-06
984,18,Indestructible Dog Toy,5,98,2024-08-30
985,6,Adjustable Laptop Desk,8,50,2025-05-17
986,8,Smart Plant Monitor,3,99,2025-04-03
987,20,Handcrafted Wooden Coasters,9,100,2025-07-07
988,6,Sriracha Honey Glaze,6,37,2024-12-22
989,1,Apple Pie Filling,7,46,2025-07-09
990,4,Fried Rice,15,83,2024-10-02
991,17,Antique Style Clock,3,29,2025-02-15
992,18,Comfort Flats,6,21,2024-11-09
993,22,Vegetable Curry,13,75,2025-01-02
994,20,Sesame Seeds,6,98,2025-01-31
995,11,Wrist Support Brace,9,26,2024-12-22
996,7,Basic V-Neck T-Shirt,8,50,2024-12-29
997,15,Floral Summer Dress,6,54,2025-05-28
998,22,Ceramic Bakeware Set,9,35,2024-10-13
999,11,Himalayan Salt Grinder,1,21,2024-11-25
1000,24,Ricotta Cheese,6,56,2025-07-21
